raw_name,bge_alias
FHA,FHA
Fraser Health,FHA
FNHA,FNHA
FIRST NATIONS HEALTH AUTHORITY,FNHA
IHA,IHA
Interior Health,IHA
NHA,NHA
Northern Health Authority,NHA
PHSA,PHSA
PROVINCIAL HEALTH SERVICES AUTHORITY,PHSA
CHILDRENS & WOMENS HEALTH CENTRE OF BC SOCIETY,PHSA
VCHA,VCHA (+PHC)
Vancouver Coastal Health Authority,VCHA (+PHC)
PROVIDENCE HEALTH CARE,VCHA (+PHC)
VIHA,VIHA
VANCOUVER ISLAND HEALTH AUTHORITY,VIHA
BC Hydro,BC Hydro
BCH,BC Hydro
BRITISH COLUMBIA HYDRO & POWER AUTHORITY,BC Hydro
BRITISH COLUMBIA HYDRO,BC Hydro
British Columbia Lottery Corporation,BCLC
BCLC,BCLC
BC LOTTERY,BCLC
BRITISH COLOMBIA LOTTERY CORPORATION,BCLC
WorkSafe BC,WSBC
WSBC,WSBC
WORKERS COMPENSATION BOARD OF BRITISH COLUMBIA,WSBC
ICBC,ICBC
INSURANCE CORPORATION OF BRITISH COLUMB.,ICBC
INSURANCE CORPORATION OF BRITISH COLUMBIA - ICBC,ICBC
INSURANCE CORPORATION OF BRITISH COLUMBIA,ICBC
SCHLDIST,School Districts
SD,School Districts
TSMA LITE SCHOOL DISTRICTS,School Districts
SCHOOL DISTRICT 43,School Districts
SCHOOL DISTRICT 47 QATHET,School Districts
SCHOOL DISTRICT NO. 36 (SURREY),School Districts
ECC,ECC
Education and Child Care,ECC
MOE,ECC
TMOE,ECC
Ministry of Education,ECC
GBC,Gov BC
GoBC,Gov BC
BC Government Ministries,Gov BC
BCA,Gov BC
MINISTRY OF CITIZENS SERVICES,Gov BC
GBC - MINISTRY OF HEALTH,Gov BC
MINISTRY OF INFRASTRUCTURE,Gov BC
BC MIN ATTORNEY GENERAL,Gov BC
MIN OF SOCIAL DEVELOPMENT,Gov BC
INDIGENOUS RELATIONS AND RECONCILIATION,Gov BC
GBC - OFFICE OF THE CHIEF INFORMATION OFFICER,Gov BC
GBC - SHARED SERVICES BC,Gov BC
BRITISH COLUMBIA LIQUOR DISTRIBUTION BRANCH,Gov BC
GBC - LIQUOR DISTRIBUTION BRANCH,Gov BC
Gov BC,Gov BC
School Districts,School Districts
VCHA (+PHC),VCHA (+PHC)
