raw_name,sub_bge_alias
BC FINANCIAL SERVICE AUTH.,BC Financial Services Authority
BC FINANCIAL SERVICES AUTHORITY,BC Financial Services Authority
BC Min Attorney General,Attorney General
BC MIN CITIZEN'S SERVICES,Citizens Services
"His Majesty the King in the Right of the Prov of BC, as represented by the Minister of Citizens Ser",Citizens Services
BC Min Emerg Mgmt & Climate Readiness,Emergency Management and Climate Readiness
BC MIN ENERGY & CLIMATE SOLUTIONS,Energy and Climate Solutions
BC Min Environment and Parks,Environment and Parks
BC Min Forests,Forests
BC MIN AGRICULTURE & FOOD,Agriculture and Food
BC MIN CHILDREN & FAMILY DEVELOPMENT,Children and Family Development
BC Min Health,Health
HOUSING AND MUNICIPAL AFFAIRS,Housing and Municipal Affairs
BC Min Indigenous Relations & Reconcil.,Indigenous Relations and Reconciliation
INDIGENOUS RELATIONS AND RECONCILIATION,Indigenous Relations and Reconciliation
BC MIN JOBS & ECONOMIC GROWTH,Jobs Economic Development and Innovation
JOB ECONOMIC DEVELOPMENT AND INNOVATION,Jobs Economic Development and Innovation
MIN OF JOBS TOURISM & INNOVATION,Jobs Economic Development and Innovation
BC MIN MINING & CRITICAL MINERALS,Mining and Critical Minerals
BC MIN PUBLIC SAFETY & SOLICITOR GEN,Public Safety and Solicitor General
BC Min Post-Secondary Ed & Future Skills,Post-Secondary Education and Future Skills
BC Min Social Dev & Poverty Reduction,Social Development and Poverty Reduction
MIN OF SOCIAL DEVELOPMENT,Social Development and Poverty Reduction
TRANSPORTATION AND TRANSIT,Transportation and Transit
LAND AND WATER BC INC,Water Land and Resource Stewardship
BC MIN WATER LAND & RESOURCE STEWARD,Water Land and Resource Stewardship
BC MIN FINANCE,Finance
Office of the Premier,Office of the Premier
Public Service Agency,BC Public Service Agency
BC FAMILY MAINTENANCE AGENCY LTD.,BC Family Maintenance Agency
BC MIN EDUCATION & CHILDCARE,Education and Child Care
BC Hydro,BC Hydro
BC LOTTERY,BCLC
INSURANCE CORPORATION OF BRITISH COLUMB.,ICBC
FRASER HEALTH AUTHORITY,FHA
PROVIDENCE HEALTH CARE,Providence Health Care
VANCOUVER ISLAND HEALTH AUTHORITY,VIHA
SCHOOL DISTRICT NO 19 REVELSTOKE,School District 19
SCHOOL DISTRICT 33 CHILLIWACK,School District 33
School District 34 Abbotsford,School District 34
School District 36 Surrey,School District 36
SCHOOL DISTRICT 38,School District 38
SCHOOL DISTRICT 40,School District 40
SCHOOL DISTRICT NO 41 BURNABY,School District 41
SCHOOL DISTRICT 42,School District 42
SCHOOL DISTRICT 43,School District 43
School District 44,School District 44
SCHOOL DISTRICT NO 60 PEACE RIVER NORTH,School District 60
SCHOOL DISTRICT NO 62 SOOKE,School District 62
School District 67 Okanagan Skaha,School District 67
DISTRICT 71 COMOX VALLEY,School District 71
School District 72 Campbell River,School District 72
School District 81,School District 81
School District 87,School District 87
SCHOOL DISTRICT NO 92 NISGAA,School District 92
SCHOOL DISTRICT 93 CONSEIL SCOLAIRE FRAN,School District 93
BC ASSESSMENT,BC Assessment
BC LIQUOR DISTRIBUTION BRANCH,BC LDB
BC LDB,BC LDB
POWERTECH,Powertech
POWEREX,Power Ex
BC Housing Management Commission,BC Housing Management Commission
BC Office of Human Rights Commissioner,BC Office of Human Rights Commissioner
BC Pension,BC Pension
Community Living BC,Community Living BC
Destination BC,Destination BC
Elections BC,Elections BC
Forest Practice Board,Forest Practice Board
Islands Trust Conservancy,Islands Trust Conservancy
LEGISLATIVE ASSEMBLY,LEGISLATIVE ASSEMBLY
OFFICE OF THE AUDITOR GENERAL OF B C,OFFICE OF THE AUDITOR GENERAL OF B C
OFFICE OF THE INFORMATION & PRIVACY COMMISSIONER,OFFICE OF THE INFORMATION & PRIVACY COMMISSIONER
OFFICE OF THE MERIT COMMISSIONER,OFFICE OF THE MERIT COMMISSIONER
OFFICE OF THE OMBUDSPERSON,OFFICE OF THE OMBUDSPERSON
OFFICE OF THE POLICE COMPLAINT COMMISSIONER,OFFICE OF THE POLICE COMPLAINT COMMISSIONER
OFFICE OF THE REPRESENTATIVE FOR CHILDREN AND YOUTH,OFFICE OF THE REPRESENTATIVE FOR CHILDREN AND YOUTH
Public Guardian and Trustee,Public Guardian and Trustee
ROYAL B C MUSEUM,ROYAL B C MUSEUM
Superior Court Judiciary Branch,Superior Court Judiciary Branch
TI Corp,TI Corp
WCB ATTN:IT NETWORK SVCS RICHARD VAJDA PO29000,WSBC
WORKERS COMPENSATION BOARD,WSBC
"WORKERS"" COMPENSATION BOARD OF BC PO#38447 - NGTA",WSBC
Island Health Authority - Covid-19 - NGTA,VIHA
Vancouver Island Health Authority/ Central Island NGTA,VIHA
Vancouver Island Health Authority/North Island - NGTA,VIHA
Vancouver Island Health Authority/South Island NGTA,VIHA
VIHA,VIHA
VIHA-ALL REGIONS,VIHA
VIHA DEVICE BALANCE FINANCING,VIHA
VIHA - ISLAND HEALTH -CENTRAL ISLAND -VOICE,VIHA
VIHA - ISLAND HEALTH -NORTH ISLAND -VOICE,VIHA
VIHA -ISLAND HEALTH -SOUTH ISLAND - VOICE,VIHA
VANCOUVER COASTAL HEALTH,VCHA (+PHC)
VANCOUVER COASTAL HEALTH AUTHORITY ATTN: MILAN HRUBY,VCHA (+PHC)
VANCOUVER COASTAL HEALTH AUTHORITY (MH DEPT),VCHA (+PHC)
"VCHA/ Site #276, 1002 STATION ST VANCOUVER BC",VCHA (+PHC)
RICHMOND SCHOOL BOARD SO#53324,School District 38
SCHOOL DISTRICT NO. 049,School District 49
SCHOOL DISTRICT NO. 06 -,School District 6
SCHOOL DISTRICT NO. 08 -,School District 8
SCHOOL DISTRICT NO. 10 -,School District 10
SCHOOL DISTRICT NO. 20 Â–,School District 20
SCHOOL DISTRICT NO. 22 -,School District 22
SCHOOL DISTRICT NO 23,School District 23
SCHOOL DISTRICT NO. 27 -,School District 27
SCHOOL DISTRICT NO. 28 -,School District 28
SCHOOL DISTRICT NO. 35 -,School District 35
SCHOOL DISTRICT NO. 37 -,School District 37
SCHOOL DISTRICT NO. 39 -,School District 39
SCHOOL DISTRICT NO. 45 -,School District 45
SCHOOL DISTRICT NO. 46 -,School District 46
SCHOOL DISTRICT NO. 47 -,School District 47
SCHOOL DISTRICT NO. 48 -,School District 48
SCHOOL DISTRICT NO. 50 (HAIDA,School District 50
SCHOOL DISTRICT NO. 51 -,School District 51
SCHOOL DISTRICT NO. 52 -,School District 52
SCHOOL DISTRICT NO. 53,School District 53
SCHOOL DISTRICT NO. 54,School District 54
SCHOOL DISTRICT NO. 58 -,School District 58
SCHOOL DISTRICT NO. 59 -,School District 59
SCHOOL DISTRICT NO. 61 -,School District 61
SCHOOL DISTRICT NO. 63 -,School District 63
SCHOOL DISTRICT NO. 64 -,School District 64
SCHOOL DISTRICT NO. 68 -,School District 68
SCHOOL DISTRICT NO. 69 -,School District 69
SCHOOL DISTRICT NO. 70 -,School District 70
SCHOOL DISTRICT NO. 71 -,School District 71
SCHOOL DISTRICT NO. 73,School District 73
SCHOOL DISTRICT NO. 74 -,School District 74
SCHOOL DISTRICT NO. 75 -,School District 75
SCHOOL DISTRICT NO. 78 -,School District 78
SCHOOL DISTRICT NO. 79 -,School District 79
SCHOOL DISTRICT NO. 82 -,School District 82
SCHOOL DISTRICT NO 83,School District 83
SCHOOL DISTRICT NO. 85 -,School District 85
SCHOOL DISTRICT NO. 91 -,School District 91
00030-06-0139110 PHSA ATTN: MILAN HRUBY NGTA,PHSA
BRITISH COLUMBIA EMERGENCY,PHSA
CHILDREN'S & WOMEN'S HEALTH CNTR BC AT BAYZAND NGTA,PHSA
PHSA BCAS TELECOMM ATTN:JONATHAN RAMIREZ STN PROV GOV VICTORIA,PHSA
PHSA Canuck Place - NGTA,PHSA
PHSA C/O BCAS TELECOM 108 3842 WESTWOOD PORT COQ M HRUBY,PHSA
PHSA - ENG - NGTA,PHSA
PHSA O/A BCCDC DPIC ATTN:MARIA SANDA NGTA 00040-135-01-73200000,PHSA
PHSA O/A C&W HEALTH CENTRE ATTN: MILAN HRUBY NGTA,PHSA
PHSA O/A C&W HEALTH CENTRE ATTN: JONATHAN RAMIREZ NGTA,PHSA
PHSA O/A Emergency & Health Services Comm - NGTA,PHSA
PHSA - PROVINCIAL HEALTH,PHSA
PHSA WAN - NGTA,PHSA
PROVINCIAL HEALTH SERVICES,PHSA
NORTHERN HEALTH AUTH ATTN: TELECOM IT DEPT,NHA
NORTHERN HEALTH AUTHORITY -,NHA
INTERIOR HEALTH AUTHORITY,IHA
INTERIOR HEALTH AUTHORITY ATTN ACCOUNTS PAYABLE,IHA
"ICBC NETWORK SERVICES, ISD",ICBC
INSURANCE CORP. OF BC - NGTA,ICBC
INSURANCE CORPORATION OF BRITISH COLUMBIA ICBC,ICBC
GBC-MINISTRY OF AGRICULTURE,Agriculture and Food
GBC-MINISTRY OF ATTORNEY,Attorney General
GBC-MINISTRY OF CHILDREN,Children and Family Development
GBC-MINISTRY OF CITIZENS,Citizens Services
GBC-MINISTRY OF EMERGENCY,Emergency Management and Climate Readiness
GBC-MINISTRY OF ENERGY,Energy and Climate Solutions
GBC-MINISTRY OF ENVIRONMENT,Environment and Parks
GBC-MINISTRY OF FINANCE-COMMS,Finance
GBC-MINISTRY OF FINANCE CROWN,Finance
GBC-MINISTRY OF HOUSING,Housing and Municipal Affairs
GBC-MINISTRY OF INDIGENOUS,Indigenous Relations and Reconciliation
"GBC-MINISTRY OF JOBS, ECONOMIC",Jobs Economic Development and Innovation
GBC-MINISTRY OF MINING,Mining and Critical Minerals
GBC-MINISTRY OF POST-SECONDARY,Post-Secondary Education and Future Skills
GBC-MINISTRY OF PUBLIC SAFETY,Public Safety and Solicitor General
GBC-MINISTRY OF SOCIAL,Social Development and Poverty Reduction
"GBC-MINISTRY OF TOURISM, ARTS,",Tourism Arts Culture and Sport
GBC-MINISTRY OF TRANSPORTATION,Transportation and Transit
"GBC-MINISTRY OF WATER, LAND",Water Land and Resource Stewardship
PROVINCE OF BC-CSBC MINISTRY OF CITIZENS' SERVICES ATTN DWCS,Citizens Services
PROVINCE OF BC-CSBC MINISTRY OF CITIZENS' SVCS ATTN DWCS NGTA,Citizens Services
PROVINCE OF BC MINISTRY OF CITIZENS SERVICES - NGTA,Citizens Services
Prov of BC Ministry of Citizens  Services-NGTA,Citizens Services
FIRST NATIONS HEALTH AUTHORITY,FNHA
FIRST NATIONS HEALTH AUTHORITY ATTN:ACCOUNTS PAYABLE,FNHA
FRASER HEALTH AUTH ATTN: CARINA LEE FIBRE INTERNET SVCS,FHA
FRASER HEALTH AUTHORITY ATTN: MILAN HRUBY,FHA
GBC-MINISTRY OF EDUCATION,Education and Child Care
Province of BC Ministry of Education NGTA,Education and Child Care
BC LOTTERY CORPORATION - INTERNET,BCLC
BC LOTTERY CORPORATION - WAN,BCLC
BC Lottery Corp - SCC,BCLC
BC HYDRO - AIRCARDS + TABLETS,BC Hydro
BC HYDRO - EV OPS TEAM,BC Hydro
BC HYDRO - GENERATION WEBCAMS,BC Hydro
BC HYDRO - METER FIELD DEVICES,BC Hydro
BC HYDRO - MOBILE SECURITY TRA,BC Hydro
BC Hydro Phone Services - NGTA,BC Hydro
BC HYDRO - SMART HUBS + MODEMS,BC Hydro
BC HYDRO SMARTPHONE,BC Hydro
BC HYDRO SUB CABLE MONITORING,BC Hydro
BC Hydro  - TPC Eline Circuits - PO# 4500145518 - NGTA,BC Hydro
BRITISH COLUMBIA ASSESSMENT,BC Assessment
BRITISH COLUMBIA LIQUOR DISTRIBUTION BRANCH,BC LDB
CHILDRENS & WOMENS HEALTH CENTRE OF BC SOCIETY,PHSA
BRITISH COLUMBIA HYDRO & POWER AUTHORITY,BC Hydro
WORKERS COMPENSATION BOARD OF BRITISH COLUMBIA,WSBC
SCHLDIST,School Districts
TSMA LITE SCHOOL DISTRICTS,School Districts
"Tourism, Arts, Culture and Sport",Tourism Arts Culture and Sport
BC Min Infrastructure,Infrastructure
Social Development and Poverty Reduction,Social Development and Poverty Reduction
Post-Secondary Education and Future Skills,Post-Secondary Education and Future Skills
Labour,Labour
SCHOOL DISTRICT NO. 57 -,School District 57
PROVINCE OF BC-OCIO ATN DWCS NGTA,Citizens Services
SCHOOL DIST NO 5,School District 5
SCHOOL DISTRICT NO 84 -,School District 84
# TODO: 'OFFICE OF THE CHIEF JUDGE' is temporarily mapped to 'Attorney General'.,
OFFICE OF THE CHIEF JUDGE,Attorney General
Province of BC OCIO - NGTA,Citizens Services
PROVINCE OF BC-OCIO ATN NCCS NGTA,Citizens Services
BC Emergency Health Services,BC Emergency Health Services
BC Emergency Health Services (BC Ambulance),BC Emergency Health Services
BC Ambulance,BC Emergency Health Services
BC Cancer Agency,BC Cancer Agency
BC Centre for Disease Control,BC Centre for Disease Control
BC Shared Health Services,BC Shared Health Services
Vancouver General Hospital,Vancouver General Hospital
Providence Health Care Society,Providence Health Care
Powertech Labs,Powertech
Transportation Investment Corp,TI Corp
Forest Practices Board,Forest Practice Board
